{
  "results": [
    {
      "command": "../bin/client",
      "mean": 0.003964113777570098,
      "stddev": 0.00032544599920357226,
      "median": 0.003911752,
      "user": 0.001322192523364487,
      "system": 0.0030931233644859806,
      "min": 0.0033532650000000002,
      "max": 0.005680849,
      "times": [
        0.005599215,
        0.0038517190000000004,
        0.003590264,
        0.004045816,
        0.003696955,
        0.0038912330000000005,
        0.004092023,
        0.003745407,
        0.003708508,
        0.0040189150000000005,
        0.00390038,
        0.0036111840000000004,
        0.003750297,
        0.003924877,
        0.004222139000000001,
        0.004780596000000001,
        0.0036649150000000004,
        0.003940636,
        0.004051346,
        0.003871335,
        0.003642563,
        0.003929495,
        0.003825419,
        0.0037565980000000003,
        0.0036074460000000003,
        0.0037225440000000004,
        0.0038162810000000004,
        0.003802255,
        0.005107324,
        0.00395862,
        0.005150315,
        0.0039373,
        0.00368337,
        0.0038346260000000003,
        0.003520201,
        0.003911752,
        0.0037265920000000004,
        0.003718907,
        0.003765244,
        0.004995923,
        0.004142489,
        0.003849884,
        0.003694802,
        0.0040451540000000005,
        0.004152117,
        0.003935506,
        0.0037420010000000004,
        0.003821942,
        0.003755767,
        0.003943212000000001,
        0.0038895390000000005,
        0.0036095100000000002,
        0.003923084,
        0.003796855,
        0.0036033180000000003,
        0.003767078,
        0.0037359790000000004,
        0.003692587,
        0.003438987,
        0.0036934790000000004,
        0.004076213,
        0.00409596,
        0.0038568480000000004,
        0.0036926570000000002,
        0.003562701,
        0.0037536130000000003,
        0.003597147,
        0.0035947830000000003,
        0.003653664,
        0.004097804,
        0.004034343,
        0.003712786,
        0.003650658,
        0.0037967340000000004,
        0.004041627,
        0.003788439,
        0.0037450870000000002,
        0.0036341660000000003,
        0.003945034,
        0.003886174,
        0.0037049210000000003,
        0.0036725190000000004,
        0.004433369,
        0.004000239,
        0.003596465,
        0.0035311410000000002,
        0.003723426,
        0.003998647,
        0.003743343,
        0.003512727,
        0.003697577,
        0.0037855730000000004,
        0.003915378000000001,
        0.0037604550000000002,
        0.0035786320000000004,
        0.004116349,
        0.004355432,
        0.004126999,
        0.004061546,
        0.004035566,
        0.003964161,
        0.003856337,
        0.004092644,
        0.003478903,
        0.0036876780000000002,
        0.003587639,
        0.003446362,
        0.003802455,
        0.0037435830000000004,
        0.0036364810000000004,
        0.0036124860000000003,
        0.0037875770000000003,
        0.004151625,
        0.004364378,
        0.003802656,
        0.0040182230000000005,
        0.00414821,
        0.004945949000000001,
        0.004596348,
        0.00466104,
        0.0041808010000000005,
        0.005680849,
        0.0036487040000000004,
        0.004092615,
        0.003898617,
        0.003944103,
        0.003828615,
        0.004078086,
        0.004121549,
        0.004268467000000001,
        0.0042259870000000005,
        0.0037117430000000004,
        0.0038558060000000003,
        0.00472468,
        0.0042171100000000005,
        0.004131728,
        0.0038367590000000003,
        0.003611013,
        0.003847561,
        0.003973338,
        0.004349691,
        0.004488062,
        0.004359189,
        0.003912393,
        0.003812053,
        0.003807294,
        0.0037351980000000003,
        0.0035593450000000002,
        0.0039239950000000004,
        0.0038591920000000004,
        0.0041530180000000005,
        0.003697296,
        0.004031969,
        0.003871886,
        0.004036498,
        0.0037314600000000002,
        0.004429692000000001,
        0.0039056800000000003,
        0.004196901,
        0.0038232450000000003,
        0.003645548,
        0.003627304,
        0.004059791,
        0.003772739,
        0.003568332,
        0.003721452,
        0.003832302,
        0.0037464990000000004,
        0.003822644,
        0.0037846510000000004,
        0.003970914,
        0.004019926,
        0.003665235,
        0.0035829100000000003,
        0.003459887,
        0.0041862520000000005,
        0.00375223,
        0.003610321,
        0.0035617500000000002,
        0.0038571490000000003,
        0.0036890100000000004,
        0.0037702540000000002,
        0.004044833,
        0.0039548230000000005,
        0.004229493,
        0.004022501,
        0.00397374,
        0.0037888490000000004,
        0.0036293680000000004,
        0.0043965490000000005,
        0.0037916240000000004,
        0.0038051,
        0.004065313,
        0.004114766000000001,
        0.003885462,
        0.0036551770000000003,
        0.003770765,
        0.003674964,
        0.003949824,
        0.00367312,
        0.00367809,
        0.004530983000000001,
        0.003995821,
        0.004004708,
        0.003687207,
        0.0037931080000000003,
        0.0037411890000000002,
        0.003876776,
        0.0036341560000000004,
        0.003915639,
        0.0042556420000000005,
        0.003745487,
        0.003962939,
        0.00365669,
        0.003771967,
        0.004002343,
        0.0038966540000000003,
        0.0038332730000000003,
        0.004331276,
        0.003681296,
        0.003827422,
        0.003817504,
        0.003941017000000001,
        0.0038447050000000003,
        0.003633996,
        0.003798418,
        0.00412761,
        0.0039246360000000004,
        0.003927692,
        0.003478141,
        0.0037877770000000004,
        0.003742281,
        0.0035294890000000002,
        0.0037671880000000003,
        0.0038403670000000003,
        0.0039028250000000004,
        0.003604241,
        0.00401126,
        0.003989519,
        0.0037281640000000004,
        0.004189387,
        0.003935648,
        0.003497318,
        0.0036781500000000003,
        0.004170251000000001,
        0.003683079,
        0.003549186,
        0.0037797720000000003,
        0.004189998,
        0.004430093,
        0.004412009000000001,
        0.004174328000000001,
        0.004666069,
        0.004085661,
        0.004107643,
        0.004052468,
        0.004486399,
        0.004395628,
        0.004948634,
        0.004875626,
        0.005493555000000001,
        0.004359308,
        0.004363186000000001,
        0.00458216,
        0.0042050970000000005,
        0.004185250000000001,
        0.003876205,
        0.0044678240000000004,
        0.004364939,
        0.004019315,
        0.004105919,
        0.004422588,
        0.004214204,
        0.004399455,
        0.004327027000000001,
        0.005082457,
        0.004543167,
        0.004316087000000001,
        0.0049147900000000005,
        0.004624110000000001,
        0.004442396,
        0.004327969,
        0.004071334,
        0.004512098,
        0.004280109000000001,
        0.004431906,
        0.004419663,
        0.004584345,
        0.004163288,
        0.004342867,
        0.004453477,
        0.004617236,
        0.004108303000000001,
        0.004490017000000001,
        0.003993376,
        0.004250162,
        0.004629139,
        0.004504253000000001,
        0.0045746860000000006,
        0.0039192870000000005,
        0.0042643590000000006,
        0.004490898,
        0.004062727,
        0.003972457,
        0.003952168,
        0.004641442,
        0.004085961,
        0.00402715,
        0.0038641620000000004,
        0.004151866000000001,
        0.0042417670000000005,
        0.004002334000000001,
        0.004021188,
